category,task,priority,hours,cost
域名和托管,注册域名,high,1.0,$15/年
域名和托管,设置Vercel账户,high,0.5,免费
域名和托管,配置Supabase数据库,high,2.0,免费
域名和托管,设置Cloudinary图片存储,medium,1.0,免费额度
前端开发,创建Next.js项目架构,high,4.0,$0
前端开发,设计和实现首页,high,12.0,$0
前端开发,开发工具列表页面,high,8.0,$0
前端开发,开发工具详情页面,high,10.0,$0
前端开发,实现搜索和筛选功能,high,6.0,$0
前端开发,添加用户评分系统,medium,8.0,$0
内容创建,撰写ChatGPT详细评测,high,6.0,$0
内容创建,撰写Claude详细评测,high,6.0,$0
内容创建,撰写Midjourney详细评测,high,6.0,$0
内容创建,创建AI工具对比文章,medium,8.0,$0
内容创建,编写使用教程,medium,12.0,$0
SEO优化,设置Google Analytics,high,1.0,免费
SEO优化,提交Google Search Console,high,1.0,免费
SEO优化,创建XML站点地图,medium,2.0,$0
SEO优化,优化页面加载速度,medium,4.0,$0
变现准备,申请Google AdSense,medium,2.0,免费
变现准备,注册AI工具联盟计划,high,4.0,免费
变现准备,设置转化跟踪,medium,3.0,$0
