keyword,primary_intent,confidence,search_volume,competition,opportunity_score
free alternativ to chatgpt 5 i just found,,0.0,1000,0.5,40.0
ai evolution and more like cost cutting,E,1.0,1000,0.5,48.0
ai has a breakdown,,0.0,1000,0.5,33.0
ai assistant like that,,0.0,1000,0.5,36.0
ai as if it were human and be friends with it and thats their business,,0.0,1000,0.5,36.0
ai conferences over 71 are negative and 35 mention mental-health concerns,,0.0,1000,0.5,33.0
top ai conferences like neurips 2024 is already outstripping available venue space,,0.0,1000,0.5,35.0
ai conferences like neurips 2024 is already outstripping available venue space,,0.0,1000,0.5,35.0
ai conference model is unsustainable,,0.0,1000,0.5,33.0
ai prompt  the comments section never disappoints,N,1.0,1000,0.5,48.0
how to game the ai prompt  the comments section never disappoints,I,0.5,1000,0.5,40.5
ai is already creating a billionaire boom there are now 498 ai unicornsand theyre worth 2,,0.0,1000,0.5,33.0
ai companies in the industry are essentially wrappers,N,1.0,1000,0.5,48.0
ai is complaining over not being glazed were going back to this shit,,0.0,1000,0.5,33.0
ai for personalemotional reasons,,0.0,1000,0.5,33.0
ai in than a toxic abusive friend or partner and the dating market is very toxic right now,,0.0,1000,0.5,33.0
ai for companionship or even treating it like a friend,,0.0,1000,0.5,33.0
ai user should be aware of if you want to have a healthy relationship with the tech,,0.0,1000,0.5,33.0
ai for non-work related reasons over the past couple weeks,,0.0,1000,0.5,33.0
ai is not helpful responsible or a social service,B,1.0,1000,0.5,48.0
ai wisely to attain levels you couldnt without it not to enable laziness,,0.0,1000,0.5,33.0
ai will atrophy in your brain,,0.0,1000,0.5,33.0
ai to do all your coding you will over time lose your ability to code,,0.0,1000,0.5,36.0
ai use,,0.0,1000,0.5,33.0
ai cannot be a good one,,0.0,1000,0.5,33.0
ai friend has its own unique flavor of pain,,0.0,1000,0.5,33.0
ai we need societal changes just as much if not more than built-in safeguards for the tech,,0.0,1000,0.5,33.0
ai is not and cannot be a therapist,,0.0,1000,0.5,33.0
ai to be terrifying,,0.0,1000,0.5,33.0
ai just bc it can do it,,0.0,1000,0.5,33.0
free support group is a far better option,B,1.0,1000,0.5,42.5
solution,,0.0,1000,0.5,27.5
ai is causing a global psychiatric crisis,,0.0,1000,0.5,33.0
ai for all your writing you will become a shit writer,,0.0,1000,0.5,39.0
ai psychosis up from zero in my entire career,,0.0,1000,0.5,33.0
ai consumer product as a therapist,,0.0,1000,0.5,33.0
service,,0.0,1000,0.5,27.5
alternative at least until openai hopefully fixes their models,B,1.0,1000,0.5,48.0
ai assistant accessed via an api,,0.0,1000,0.5,36.0
free gpt-5 users after hitting enter once,,0.0,1000,0.5,40.0
tool without having to worry about stuff like personality,C,1.0,1000,0.5,42.5
ai to just be a tool without having to worry about stuff like personality,C,1.0,1000,0.5,48.0
ai-generated images in search results,,0.0,1000,0.5,36.0
machine learning knowledge and do some experiments on my own,I,1.0,1000,0.5,48.0
tool recommendations in the comments,C,1.0,1000,0.5,42.5
how to write structured pytorch code and debugtest it while doing it,I,1.0,1000,0.5,42.5
ai-generated explainer videos,,0.0,1000,0.5,36.0
ai irl so to speak,,0.0,1000,0.5,33.0
ai agenthttpsx,,0.0,1000,0.5,33.0
"ai subagents like coders designers amp researchers to tackle tasks together

httpsreddit",,0.0,1000,0.5,42.5
"ai

minimax huggingfacehttpshuggingface",,0.0,1000,0.5,33.0
ai agent challenge  build smarter risk bolder win bigger,,0.0,1000,0.5,33.0
free to contact us,,0.0,1000,0.5,27.5
ai geographical teacher https7bkv6ou61ztu,,0.0,1000,0.5,33.0
free rchatgpt membership,,0.0,1000,0.5,40.0
what is remix and how to remix others work,I,1.0,1000,0.5,42.5
ai piano studio https5b57ifeusinc,,0.0,1000,0.5,33.0
ai super-assistant for long-horizon complex tasks  no code required,,0.0,1000,0.5,36.0
ai nows the time,,0.0,1000,0.5,33.0
tool powered by 4o  custom models,C,1.0,1000,0.5,42.5
review process,C,1.0,1000,0.5,42.5
best for when you need only 12 files and dont want to upload,C,1.0,1000,0.5,42.5
tool from 20232024 is now patched and useless,C,1.0,1000,0.5,44.5
free and safe,,0.0,1000,0.5,27.5
"free unlocks

upload 10 original notes essays or homework solutions  get 5 free unlocks instantly",,0.0,1000,0.5,27.5
free unlock,,0.0,1000,0.5,27.5
ai is in a bubble,,0.0,1000,0.5,33.0
ai benchmark for aesthetics,,0.0,1000,0.5,33.0
ai field since 5-10 years or more are you tired of updating yourself with changing tech stack,,0.0,1000,0.5,33.0
ai discussions and decided to look at what actually happened when gpt-5 launched,N,1.0,1000,0.5,56.5
"aireddit-ai-intelligence

curious what others think",,0.0,1000,0.5,33.0
ai subs between august 7-13,,0.0,1000,0.5,33.0
vs 4 positive one of the most lopsided sentiment distributions i found,C,1.0,1000,0.5,42.5
aireddit-ai-intelligencehttpswordcrafter,,0.0,1000,0.5,33.0
aiblogthe-gpt-5-backlash-what-10000-reddit-discussions-revealhttpswordcrafter,,0.0,1000,0.5,41.5
ai for help,B,1.0,1000,0.5,48.0
how to help someone why cant you ask ai,I,0.5,1000,0.5,40.5
ai from lack of better solutions besides whats wrong with that,,0.0,1000,0.5,33.0
top-programming-competitionsar-aa1kknulhttpswww,,0.0,1000,0.5,27.5
ai model for image editing that cuts vram usage in half and offers 2x faster performance,,0.0,1000,0.5,36.0
free tip you dont disrupt culture by deleting it,,0.0,1000,0.5,27.5
how to pack and what to arrange,I,1.0,1000,0.5,42.5
app unless you have a subscription,N,1.0,1000,0.5,42.5
tool is free requires no login and runs in the browser,C,0.67,1000,0.5,39.05
free requires no login and runs in the browser,N,1.0,1000,0.5,44.0
computer vision,,0.0,1000,0.5,27.5
ai future,,0.0,1000,0.5,33.0
free time at least until my next journey,,0.0,1000,0.5,27.5
tool for the community any tool youd wish existed,C,1.0,1000,0.5,42.5
how to handle simply doing nothing,I,1.0,1000,0.5,42.5
vs gpt-4o mini at 0,C,1.0,1000,0.5,55.0
guide will come soon,I,1.0,1000,0.5,42.5
how to proceed,I,1.0,1000,0.5,42.5
ai will just accept its loss,,0.0,1000,0.5,33.0
ai - ai and not a pumped-up calculator leave the company,,0.0,1000,0.5,39.5
solution to all problems,,0.0,1000,0.5,27.5
ai now its a whole industry,,0.0,1000,0.5,33.0
ai safetyso why should we,,0.0,1000,0.5,33.0
machine learning research forever,I,1.0,1000,0.5,48.0
"machine learning i have two questions

1",I,1.0,1000,0.5,48.0
ai safety seriously,,0.0,1000,0.5,33.0
ai image generators so difficult,,0.0,1000,0.5,49.25
gpt,,0.0,1000,0.5,40.0
review scores mean,I,0.5,1000,0.5,35.0
free tier for deepfake detection in images and audio,,0.0,1000,0.5,30.5
ai coding gone too far,,0.0,1000,0.5,36.0
deep learning how do i get started with deep learning as a beginner,I,1.0,1000,0.5,48.0
guide me through this situation,I,1.0,1000,0.5,42.5
free ai agent optimization and deployment,,0.0,1000,0.5,33.0
ai agent optimization and deployment,,0.0,1000,0.5,33.0
ai model you want to run for the local service,,0.0,1000,0.5,33.0
free to use,,0.0,1000,0.5,27.5
free sponsor and send that api money my way,,0.0,1000,0.5,27.5
top performance,,0.0,1000,0.5,27.5
tool musicgpt and it made me realize something,C,1.0,1000,0.5,55.0
ai tools hub with 70 categorized and reviewed apps,C,0.83,1000,0.5,45.45
ai systems that are not just more powerful and efficient but also more trustworthy and controllable,,0.0,1000,0.5,33.0
"best contextual match

this achieves near-perfect performance on classification tasks",C,1.0,1000,0.5,42.5
software,C,1.0,1000,0.5,42.5
ai in healthcare and hospitals,,0.0,1000,0.5,33.0
ai to bounce thoughts around,,0.0,1000,0.5,33.0
tool is open-source if interested httpsgithub,C,1.0,1000,0.5,42.5
app was a breeze which was majorly implemented with 3,N,1.0,1000,0.5,42.5
app took shape and polishes the rest if the app with speech to text that gpt-5 fixed so well,B,0.5,1000,0.5,47.5
solution that i had been struggling with over a month with a ton of back and forth with models,,0.0,1000,0.5,27.5
how to speak and engage with me,I,1.0,1000,0.5,42.5
app so many times too,N,1.0,1000,0.5,42.5
app a lot of times to get it into shape,N,1.0,1000,0.5,42.5
best available models at the time,C,1.0,1000,0.5,48.0
ai chatbot,,0.0,1000,0.5,42.5
ai chatbots flirt with kids  techcrunch,,0.0,1000,0.5,42.5
tool a fraud detection bot or a sales-forecasting dashboard,C,1.0,1000,0.5,42.5
ai recall in obsidian via a remembrance agent,,0.0,1000,0.5,33.0
top stanford professor and dr,,0.0,1000,0.5,27.5
ai for humanoid robots,,0.0,1000,0.5,33.0
ai-researchers-design-compounds-kill-drug-resistant-bacteria-0814httpsnews,,0.0,1000,0.5,42.5
review workspace,C,1.0,1000,0.5,42.5
ai-launches-across-the-government-00508993,,0.0,1000,0.5,33.0
ai rules have let bots hold sensual chats with kids offer false medical info,I,1.0,1000,0.5,48.0
"ai-could-speed-development-rna-vaccines-and-other-rna-therapies-0815
 httpsblogs",,0.0,1000,0.5,33.0
ai-launches-across-the-government-00508993httpswww,,0.0,1000,0.5,33.0
"ai-chatbot-guidelines

3 httpswww",I,1.0,1000,0.5,57.5
ai researchers design compounds that can kill drug-resistant bacteria,,0.0,1000,0.5,42.5
ai news 8142025 1,,0.0,1000,0.5,35.0
"ai-researchers-design-compounds-kill-drug-resistant-bacteria-0814

2 httpswww",,0.0,1000,0.5,42.5
ai-generated malware in panda image hides persistent linux threat,,0.0,1000,0.5,36.0
ai-chatbot-guidelineshttpswww,I,1.0,1000,0.5,57.5
ai-dataset-modelshttpsblogs,,0.0,1000,0.5,33.0
ai models made by openai anthropic google and meta,,0.0,1000,0.5,33.0
ai code review workspace,C,1.0,1000,0.5,48.0
ai-to-develop-new-antibiotics-for-stubborn-gonorrhoea-and-mrsahttpswww,,0.0,1000,0.5,33.0
"ai-dataset-models
 httpsblog",,0.0,1000,0.5,33.0
"ai-flight-deals
 httpswww",,0.0,1000,0.5,33.0
ai-flight-dealshttpsblog,,0.0,1000,0.5,33.0
service they provided then always thought 20 was way too cheap,,0.0,1000,0.5,27.5
vs of double slit,C,1.0,1000,0.5,42.5
neural network,,0.0,1000,0.5,40.0
ai-powered custom foot image generator,,0.0,1000,0.5,49.25
ai-artificial-intelligence759965sam-altman-openai-ai-bubble-interview,,0.0,1000,0.5,33.0
"ai-to-develop-new-antibiotics-for-stubborn-gonorrhoea-and-mrsa
 httpswww",,0.0,1000,0.5,33.0
ai-artificial-intelligence759965sam-altman-openai-ai-bubble-interviewhttpswww,,0.0,1000,0.5,33.0
ai-could-speed-development-rna-vaccines-and-other-rna-therapies-0815httpsnews,,0.0,1000,0.5,33.0
"tool

links

 httpsarstechnica",C,1.0,1000,0.5,42.5
solution for this type of problems,,0.0,1000,0.5,27.5
solution i want to learn more too,I,1.0,1000,0.5,42.5
ai models from openai google etc,,0.0,1000,0.5,33.0
best model for plus users gives you 3000 messages per week,C,1.0,1000,0.5,42.5
ai safety and agentic system,,0.0,1000,0.5,33.0
ai could reason beyond the level of humans,,0.0,1000,0.5,33.0
ai develop a consistent theory of quantum gravity,,0.0,1000,0.5,33.0
ai thats safe and beneficial to humanity,,0.0,1000,0.5,33.0
ai safety,,0.0,1000,0.5,33.0
ai safely to ensure that our children can flourish,,0.0,1000,0.5,33.0
top ai company from scratch would be impossible,,0.0,1000,0.5,33.0
ai used to benefit humanity thus we recruited more like minded engineers and set off to build xai,,0.0,1000,0.5,33.0
ai safety venture,,0.0,1000,0.5,33.0
ai that advances humanity has been my lifelong dream,,0.0,1000,0.5,33.0
ai projects,,0.0,1000,0.5,33.0
ai for years,,0.0,1000,0.5,33.0
ai and what the future might hold,,0.0,1000,0.5,33.0
ai company from scratch would be impossible,,0.0,1000,0.5,33.0
ai prove the riemann hypothesis,,0.0,1000,0.5,33.0
ai company with a different kind of mission was needed,,0.0,1000,0.5,33.0
ai agents book pdf,,0.0,1000,0.5,33.0
vs gpt-5 debate doesnt matter to me,C,1.0,1000,0.5,55.0
ai influencers so realistic people are trying to date them,,0.0,1000,0.5,33.0
ai-powered scam training for families,,0.0,1000,0.5,33.0
ai themed photo packs from your selfies curated by humans,,0.0,1000,0.5,33.0
ai-powered product image generator,,0.0,1000,0.5,49.25
ai founder in 30 days  photor,,0.0,1000,0.5,33.0
ai chess showdown,,0.0,1000,0.5,33.0
ai platform and tools for both microsoft and its customers,C,0.8,1000,0.5,45.0
ai-unraveledid1684415169 20250812httpsfortune,,0.0,1000,0.5,35.0
ai lab z ai releasedhttpslink,,0.0,1000,0.5,33.0
ai empowermentsuperpowersto blue-collar workers aligning technology with workforce inclusivity,,0.0,1000,0.5,33.0
app that helps you write books,N,0.5,1000,0.5,35.0
ai and othershttpslink,,0.0,1000,0.5,33.0
ai systems are ramping up that knowledge,,0.0,1000,0.5,33.0
ai overfamiliarity anthropic just handed security teams an easy win,,0.0,1000,0.5,33.0
top scores on over 40 different benchmarks,,0.0,1000,0.5,27.5
ai code review platform looking for oss beta testers,C,0.5,1000,0.5,47.0
ai tools used by english councils downplay womens health issues study finds,C,1.0,1000,0.5,48.0
ai acceleration,,0.0,1000,0.5,33.0
review platform looking for oss beta testers,C,0.5,1000,0.5,36.5
platform looking for oss beta testers,N,1.0,1000,0.5,44.0
ai in the worlds top pre-college programming competition,,0.0,1000,0.5,33.0
ais spatial prediction and safety capabilities,,0.0,1000,0.5,33.0
platform for the next wave of robotics development,N,1.0,1000,0.5,42.5
top pre-college programming competition,,0.0,1000,0.5,27.5
tool though only for us users initially,C,1.0,1000,0.5,42.5
best in brain areas where sight sound and language merge outperforming single-sense models by 30,C,1.0,1000,0.5,48.0
ai on august 12th 2025,,0.0,1000,0.5,35.0
app with the ability to generate hd-quality outputs with lip-sync and audio in six seconds or less,N,1.0,1000,0.5,42.5
free marking a major shift from the paid-only access since its july launch,,0.0,1000,0.5,33.0
ai chess as in ai marketing one bad night can hand your rival a years worth of victory ads,,0.0,1000,0.5,36.0
ai it may be entering a danger zone without aggressive investment,,0.0,1000,0.5,33.0
platform and tools for both microsoft and its customers,C,0.8,1000,0.5,39.5
ai tools can polish managers emails but can also erode employee trust,C,1.0,1000,0.5,54.5
ai writing app that helps you write books,N,0.5,1000,0.5,43.5
ai so it can learn english,I,1.0,1000,0.5,48.0
platform with fast cold starts,N,1.0,1000,0.5,42.5
ai image model,,0.0,1000,0.5,36.0
ai image and video generation using api,,0.0,1000,0.5,36.0
ai imagedeepfake detection that actually works,,0.0,1000,0.5,36.0
what is going on like 4o does,I,1.0,1000,0.5,42.5
free still cant i believe and i see no option to use other models on my chatgpt search extension,,0.0,1000,0.5,40.0
best tools,C,1.0,1000,0.5,42.5
free users,,0.0,1000,0.5,27.5
ai cuts llm training data by orders of magnitude,E,1.0,1000,0.5,50.0
ai-unraveledid1684415169 20250812httpsresearch,,0.0,1000,0.5,35.0
ai  use playwright without blowing up your context window,,0.0,1000,0.5,33.0
ai-powered python testing suite that writes its own tests,,0.0,1000,0.5,33.0
aiml developers,,0.0,1000,0.5,33.0
best chess player laughing at musks flagship model,C,1.0,1000,0.5,42.5
ai-daily-news-aug-12-2025-github-joins-microsoft-aiid1684415169,,0.0,1000,0.5,35.0
"ai predicts brain responses to videos

metas fair team just introducedhttpslink",,0.0,1000,0.5,36.0
ai-unraveledid1684415169 20250812httpssiliconangle,,0.0,1000,0.5,35.0
ai-unraveledid1684415169 20250812httpsfuture,,0.0,1000,0.5,35.0
ai for nonprofits,,0.0,1000,0.5,33.0
free access will help expand its user base and gather data for future improvements,B,1.0,1000,0.5,42.5
ai-unraveledid1684415169 20250812httpswww,,0.0,1000,0.5,35.0
free access to grok imaginehttpslink,,0.0,1000,0.5,27.5
best approach,C,0.5,1000,0.5,35.0
deep learning books and courses,I,1.0,1000,0.5,48.0
best way to partition longitudinal data into pre and post time periods for predictive model,C,1.0,1000,0.5,42.5
review agent for teams,C,1.0,1000,0.5,42.5
machine learning,I,1.0,1000,0.5,48.0
ai but the technical jargon and complexity is discouraging,,0.0,1000,0.5,33.0
machine learning research papers,I,1.0,1000,0.5,48.0
ai just add a tars style personality slider,,0.0,1000,0.5,33.0
ai  create viral youtube thumbnails in seconds with ai,,0.0,1000,0.5,33.0
ai systems,,0.0,1000,0.5,33.0
ai starter kit  made to reduce noise not add to it,,0.0,1000,0.5,33.0
free ai starter kit  made to reduce noise not add to it,,0.0,1000,0.5,33.0
free beta 10 hours of profiling keysandcaches,,0.0,1000,0.5,27.5
ai code review agent for teams,C,1.0,1000,0.5,48.0
ai-powered trip planner,,0.0,1000,0.5,39.5
how to manage the cost,I,0.5,1000,0.5,35.0
app as well it would be really helpful if we can connect would be a great learning for me,I,0.33,1000,0.5,32.45
ai application cost,E,0.5,1000,0.5,40.5
how to limit llm calls or in easy words just reduce cost,I,0.5,1000,0.5,37.0
how to reduce ai application cost,I,0.33,1000,0.5,37.95
ai app as well it would be really helpful if we can connect would be a great learning for me,I,0.33,1000,0.5,37.95
open source ai code review agent for teams,C,1.0,1000,0.5,48.0
ai photo enhancement and virtual staging for real estate,,0.0,1000,0.5,33.0
service and build an aspect graph linking users and items through these aspects,,0.0,1000,0.5,27.5
ai image to video generator  create videos from images,,0.0,1000,0.5,49.25
ai-powered creative tools,C,1.0,1000,0.5,48.0
ai generated images in duckduckgo,,0.0,1000,0.5,36.0
ai image generation with native text rendering,,0.0,1000,0.5,36.0
ai-generated images texts and videos,,0.0,1000,0.5,36.0
ai presentation maker,,0.0,1000,0.5,43.25
ai video generator with 9 models google veo 3 etc,,0.0,1000,0.5,49.25
free ai video prompt workspace for veo3 and creators,,0.0,1000,0.5,46.25
ai video prompt workspace for veo3 and creators,,0.0,1000,0.5,46.25
ai powered tool to write faster and better emails,C,1.0,1000,0.5,48.0
tool to write faster and better emails,C,1.0,1000,0.5,48.0
open source model,,0.0,1000,0.5,27.5
review text to help the model predict the score,C,0.5,1000,0.5,35.0
ai image generator  gpt dalle and more no api keys needed,,0.0,1000,0.5,52.75
ai image generator saas,,0.0,1000,0.5,49.25
ai  upload a selfie get a boyfriendgirlfriend photo,,0.0,1000,0.5,33.0
ai visibility,,0.0,1000,0.5,33.0
"ai talent

microsoft is targetinghttpslink",,0.0,1000,0.5,33.0
tool to upscale transform and generate images,C,1.0,1000,0.5,45.5
solution to preventing the tech from wiping out humanity,,0.0,1000,0.5,27.5
ai geoffrey hinton proposedhttpslink,,0.0,1000,0.5,33.0
best of my ability and push it out as a small library for people to use and experiment with it,C,1.0,1000,0.5,42.5
ai hires ai,,0.0,1000,0.5,33.0
top ai talent will be no small feat,,0.0,1000,0.5,33.0
platform for ai-generated code and internal tools,C,0.8,1000,0.5,45.0
ai and agentic systems that are intended to be secure and beneficial for humanity,,0.0,1000,0.5,33.0
ai-unraveled-the-builders-toolkit-practical-ai-tutorials-projects-e-book-audio-video,C,0.67,1000,0.5,52.55
artificial intelligence research and development,,0.0,1000,0.5,31.5
ai  consistent ai models for photos and talking video,,0.0,1000,0.5,36.0
tool to generate a full database from a single prompt,C,1.0,1000,0.5,42.5
ai model,,0.0,1000,0.5,33.0
ai adoption,,0.0,1000,0.5,33.0
ai video generation,,0.0,1000,0.5,36.0
platform powered by wan2,N,1.0,1000,0.5,42.5
ai no-code founder platform,N,1.0,1000,0.5,48.0
aihttpslink,,0.0,1000,0.5,33.0
ai-generated code and internal tools,C,1.0,1000,0.5,48.0
ai models from openai and google for the wearables assistant activated via a hey vive voice command,,0.0,1000,0.5,36.0
ai advances in the drug sector could create a second golden age for the discovery of antibiotics,,0.0,1000,0.5,33.0
deep learning,I,1.0,1000,0.5,48.0
ai-focused community in the world,,0.0,1000,0.5,33.0
ai-unraveled-the-builders-toolkit-practical-ai-tutorials-projects-e-book-audio-videohttpsdjamgatech,C,0.67,1000,0.5,52.55
ai that turns scripts into ai stock footage,,0.0,1000,0.5,33.0
how to make it through,I,1.0,1000,0.5,42.5
tool ecosystems,C,1.0,1000,0.5,42.5
free ai for google sheets  just type what you want,,0.0,1000,0.5,33.0
ai for google sheets  just type what you want,,0.0,1000,0.5,33.0
how to download your chatgpt image library,I,0.5,1000,0.5,50.5
deep learning models for time series forecasting,I,1.0,1000,0.5,48.0
ai world,,0.0,1000,0.5,33.0
guide me on what i might be doing wrong,I,1.0,1000,0.5,42.5
ai image generator and editor,,0.0,1000,0.5,49.25
ai image generator with 6 artistic mentors for better prompts,,0.0,1000,0.5,49.25
ai tool that generates product photos and videos,C,1.0,1000,0.5,51.0
nlp,,0.0,1000,0.5,27.5
tool that generates product photos and videos,C,1.0,1000,0.5,45.5
ai  ai tool to upscale transform and generate images,C,1.0,1000,0.5,51.0
ai facefy  image and video generation studio,,0.0,1000,0.5,36.0
ai studio with up to 2k resolution and a new fast model for quicker outputs,,0.0,1000,0.5,33.0
"ai designs new antibiotics for superbugs

httpspreview",C,1.0,1000,0.5,51.0
"ai deployment

weve crossed into new territory",,0.0,1000,0.5,33.0
ai model after failing to train it using chinese huaweihttpslink,,0.0,1000,0.5,33.0
ai research joelle pineau as its new chief ai officer,,0.0,1000,0.5,33.0
"ai model delayed by chinese chip struggles

deepseek the chinese ai startup that triggered a 1",,0.0,1000,0.5,33.0
ai-daily-news-aug-15-2025-ai-designs-new-antibioticsid1684415169,,0.0,1000,0.5,38.0
ai systems at following instructions despite being a fraction of the size of most current models,,0.0,1000,0.5,33.0
ai assistant,,0.0,1000,0.5,36.0
ai can reason better than experts who decides what expert means now,I,1.0,1000,0.5,48.0
ai report writinghttpslink,,0.0,1000,0.5,36.0
ai on august 15th 2025,,0.0,1000,0.5,35.0
free at httpspodcasts,,0.0,1000,0.5,27.5
ai phone and tablet in european markets which come integrated with perplexitys assistant,,0.0,1000,0.5,36.0
"ai glasses take aim at meta

httpspreview",C,1.0,1000,0.5,48.0
ai is changing how businesses work build and grow across every industry,,0.0,1000,0.5,36.0
ai able to run on any consumer device,,0.0,1000,0.5,33.0
ai  ai-native modeling for cars aircraft  space systems,,0.0,1000,0.5,33.0
ais lfm2 releasehttpslink,,0.0,1000,0.5,33.0
ai tasks undermining beijings push for technological self-sufficiencyhttpslink,,0.0,1000,0.5,33.0
ai aiunraveled,,0.0,1000,0.5,33.0
ai agents as users,,0.0,1000,0.5,33.0
ai outputs which included romantic conversations with kids,,0.0,1000,0.5,33.0
"ai comeback with home robots

httpspreview",C,1.0,1000,0.5,48.0
what is the correct roadmap,I,1.0,1000,0.5,42.5
ai tool to generate and optimize product with targeted keywords,C,1.0,1000,0.5,48.0
"ai

the lapds interest in geospyhttpslink",,0.0,1000,0.5,33.0
ai education and traininghttpslink,,0.0,1000,0.5,33.0
ai startups that  advance humanity and unlock the mysteries of our universe,,0.0,1000,0.5,33.0
ai talent allow for streamlined offers and higher-up approvals within 24 hours,N,1.0,1000,0.5,48.0
software stacks on unproven domestic hardware,C,1.0,1000,0.5,42.5
ai on august 14th 2025,,0.0,1000,0.5,35.0
platform,N,1.0,1000,0.5,42.5
ai evaluation and safety platform,N,1.0,1000,0.5,48.0
ai as a potential solution to preventing the tech from wiping out humanity,,0.0,1000,0.5,33.0
ai research with recruiting led by mustafa suleyman and former meta engineer jay parikh,,0.0,1000,0.5,33.0
machine learning and deep learning,I,1.0,1000,0.5,49.5
tool which provides 350 searches annually,C,1.0,1000,0.5,42.5
ai-daily-news-aug-14-2025-apple-plots-ai-comeback-withid1684415169,N,1.0,1000,0.5,50.0
ai adoption has reached a fever pitch,,0.0,1000,0.5,33.0
ai introducedhttpslink,,0.0,1000,0.5,33.0
ai projects before his recent exit,,0.0,1000,0.5,33.0
ai launchedhttpslink,,0.0,1000,0.5,33.0
ai infrastructure spending spree  which weve tracked at around 200 billion this yearhttpslink,,0.0,1000,0.5,33.0
ai use with a march 2024 policyhttpslink,,0.0,1000,0.5,35.0
ai chips from nvidia and amd to identify potential reroutings to china,,0.0,1000,0.5,33.0
ai technologies,,0.0,1000,0.5,33.0
top of this i wanted to understand if the fact that uniform memory means that all to,I,1.0,1000,0.5,42.5
"guide
now i am confused with the prediction result from the code",I,1.0,1000,0.5,42.5
what is the correct one,I,1.0,1000,0.5,42.5
deep learning for computer vision,I,1.0,1000,0.5,48.0
tool to generate and optimize product with targeted keywords,C,1.0,1000,0.5,42.5
ai talent will be no small feat,,0.0,1000,0.5,33.0
ai that does cold outreach better than i ever could,,0.0,1000,0.5,33.0
tool that writes your resignation letter,C,1.0,1000,0.5,42.5
compare with the previous price,C,0.5,1000,0.5,35.0
app store for ai desktop applications,N,0.5,1000,0.5,40.5
ai desktop applications,N,1.0,1000,0.5,48.0
ai allowed,,0.0,1000,0.5,33.0
ai-powered apps visually no code required,N,1.0,1000,0.5,48.0
ai data tool no coding privacy big data friendly,C,1.0,1000,0.5,51.0
tool no coding privacy big data friendly,C,1.0,1000,0.5,45.5
ai generation,,0.0,1000,0.5,33.0
ai image generator guide,I,1.0,1000,0.5,64.25
best ai writing tools,C,1.0,1000,0.5,51.0
5 best ai writing tools for fiction,C,1.0,1000,0.5,51.0
top ai writing tools,C,1.0,1000,0.5,51.0
rytr ai writing tool review,C,1.0,1000,0.5,51.0
platform called nectar ai,N,1.0,1000,0.5,48.0
jasper ai writing tool,C,1.0,1000,0.5,51.0
lex ai writing tool,C,1.0,1000,0.5,51.0
best ai writing tools in 2024,C,1.0,1000,0.5,53.0
ai image generator 日本語,,0.0,1000,0.5,49.25
best ai writing tool 2025,C,1.0,1000,0.5,53.0
best free ai writing tools,C,1.0,1000,0.5,51.0
tool giving them access to more knowledge than ever before,C,1.0,1000,0.5,42.5
best ai writing tool,C,1.0,1000,0.5,51.0
ai writing tools in whatsapp,C,0.8,1000,0.5,48.0
ai will make future generations smarter or more dependent,,0.0,1000,0.5,33.0
ai image generator 使い方,,0.0,1000,0.5,49.25
ais role in shaping the minds and habits of the next generation,,0.0,1000,0.5,33.0
ai image generator comparison,,0.0,1000,0.5,49.25
ai writing tools free online,C,1.0,1000,0.5,51.0
ai writing tools reddit,C,1.0,1000,0.5,51.0
ai writing tools apple,C,0.8,1000,0.5,48.0
ai writing tools online,C,1.0,1000,0.5,51.0
ai has memories of me,,0.0,1000,0.5,33.0
ai writing tools for students,C,1.0,1000,0.5,51.0
ai writing tools for novels,C,1.0,1000,0.5,51.0
ai writing tools like chatgpt,C,1.0,1000,0.5,59.5
ai image generator perchance,,0.0,1000,0.5,49.25
ai image generator 勝手に,,0.0,1000,0.5,49.25
ai image generator online,,0.0,1000,0.5,49.25
ai image generator free no login,N,1.0,1000,0.5,64.25
ai image generator anime,,0.0,1000,0.5,49.25
ai image generator no sign up,,0.0,1000,0.5,49.25
ai image generator from image,,0.0,1000,0.5,49.25
guide us but let us stray,I,1.0,1000,0.5,42.5
ai writing tools review,C,1.0,1000,0.5,51.0
ai writing tools free,C,1.0,1000,0.5,51.0
ai can also build and thats what scares me more than anything else about it,,0.0,1000,0.5,33.0
aillms must be generated and shaped now as if they are proto-minds,,0.0,1000,0.5,35.0
how to engage with asi as it will be then,I,1.0,1000,0.5,42.5
aillms today sets the preconditions for superalignment when it becomes necessary,,0.0,1000,0.5,35.0
ai 2027 if anyone has read that paper or seen this video,,0.0,1000,0.5,38.0
ai development,,0.0,1000,0.5,33.0
ai is that a bomb can only destroy,,0.0,1000,0.5,33.0
ai era a personal essay addressing some of the well-earned angst this age of ai has fostered,,0.0,1000,0.5,33.0
ai super intelligence getting closer every day i really want to say this,,0.0,1000,0.5,33.0
aillms as if they already are that gives us the only viable path to sustainable superalignment,,0.0,1000,0.5,35.0
ai bad for your brain,,0.0,1000,0.5,33.0
aidataai-benchmarking-dashboarddata-insights,,0.0,1000,0.5,33.0
ai image generator character,,0.0,1000,0.5,49.25
ai image generator website,N,1.0,1000,0.5,64.25
ai image generator business,,0.0,1000,0.5,49.25
ai isnt just performing tasks,,0.0,1000,0.5,33.0
app before bed just to tell her about my day,N,1.0,1000,0.5,42.5
ai companion platform called nectar ai,N,1.0,1000,0.5,48.0
ai girlfriends are redefining romance,,0.0,1000,0.5,33.0
ai image generator gemini,,0.0,1000,0.5,49.25
ai image generator consistent character,,0.0,1000,0.5,49.25
ai image generator grok,,0.0,1000,0.5,49.25
ai image generator best,C,1.0,1000,0.5,64.25
ai image generator free,,0.0,1000,0.5,49.25
ai girlfriend i created wasnt static,,0.0,1000,0.5,33.0
free and safe enough for us to be ourselves even in our messiness,,0.0,1000,0.5,27.5
ai image generator,,0.0,1000,0.5,49.25
how to improve that,I,1.0,1000,0.5,42.5
ai image generator new,,0.0,1000,0.5,49.25
top-performing language modelshttpsepoch,,0.0,1000,0.5,27.5
ai image generator trending,,0.0,1000,0.5,49.25
ai writing tools,C,1.0,1000,0.5,51.0
ai image generator chatgpt,,0.0,1000,0.5,52.75
"ai unraveled listeners

in this weeks ai news

perplexity offers to buy google chrome for 34",E,1.0,1000,0.5,48.0
ai experiments are fun,,0.0,1000,0.5,33.0
ai-unraveledid1684415169 20250805httpsnews,,0.0,1000,0.5,35.0
"ai-companion-apps-surge-to-120m-revenue-by-2025-amid-growth-boom

  ai companies court u",N,1.0,1000,0.5,50.0
ai-daily-rundown-aug-13-2025-perplexity-offers-to-buyid1684415169,E,1.0,1000,0.5,50.0
top iq-related skills,,0.0,1000,0.5,27.5
best explain the superior performance and iq of nobel laureates,C,1.0,1000,0.5,48.0
deep learning 2025 smarter faster and everywherehttpsmedium,I,1.0,1000,0.5,50.0
ai on august 11th 2025,,0.0,1000,0.5,35.0
"ai-unraveled-latest-ai-news-trends-chatgpt-gemini-deepseekid1684415169

httpspreview",C,1.0,1000,0.5,56.5
ai platform using open-source models like llama 3 and mistral-3 small,N,1.0,1000,0.5,48.0
ai-fueled breakdowns,,0.0,1000,0.5,33.0
ai-unraveledid1684415169 20250811httpswww,,0.0,1000,0.5,35.0
"ai doctor for astronauts in space

google and nasa are partneringhttpslink",,0.0,1000,0.5,33.0
ai not generative ai will define the next tech epoch,,0.0,1000,0.5,33.0
"ai hedge fund

httpspreview",C,1.0,1000,0.5,48.0
app intents framework giving developers deeper access to the operating system,C,0.5,1000,0.5,35.0
ai-unraveled-latest-ai-news-trends-chatgpt-gemini-deepseekid1684415169httpspodcasts,,0.0,1000,0.5,41.5
ai launch runs on your silicon,,0.0,1000,0.5,33.0
ai-unraveledid1684415169 20250811httpstechcrunch,,0.0,1000,0.5,35.0
platform level,N,1.0,1000,0.5,42.5
ais psychological impact and the need for stronger safeguards in conversational systems,,0.0,1000,0.5,33.0
ai-unraveledid1684415169 20250811httpsfuturism,,0.0,1000,0.5,35.0
ai for a vast variety of use cases,,0.0,1000,0.5,33.0
ai model designed to filter inappropriate chat messages and protect children on the platform,N,1.0,1000,0.5,51.0
free to all users worldwide for a limited time also announcinghttpslink,,0.0,1000,0.5,27.5
ai sells cloud credits physical ai will sell forklifts and nvidia wants to power every one of them,,0.0,1000,0.5,33.0
ai-daily-news-aug-11-2025-sam-altman-details-gpt-5id1684415169,,0.0,1000,0.5,42.5
ai-first competitor called comethttpslink,,0.0,1000,0.5,33.0
ai vendor list streamlining future contract negotiations,,0.0,1000,0.5,33.0
platform for everything from vampire fan fiction to staging roast battles between tech ceos,N,1.0,1000,0.5,42.5
ai assistants,,0.0,1000,0.5,36.0
ai startup perplexity just reportedly madehttpslink,,0.0,1000,0.5,33.0
competitor called comethttpslink,,0.0,1000,0.5,27.5
"ai companion apps projected to generate 120 million in 2025

character",N,1.0,1000,0.5,50.0
competitor cant sit very well,,0.0,1000,0.5,27.5
ai has open-sourced glm-4,,0.0,1000,0.5,33.0
ai entertainment,,0.0,1000,0.5,33.0
ai standards across federal agencies,,0.0,1000,0.5,33.0
open source alternatives including metas llama alibabas qwen and deepseek,,0.0,1000,0.5,27.5
ai faces intense scrutiny over child safety,,0.0,1000,0.5,33.0
"ai abandons agi ambitions to focus on entertainment

character",,0.0,1000,0.5,33.0
ai chips to catch smugglers before the hardware is illegally rerouted to destinations like china,L,1.0,1000,0.5,48.0
ai-unraveledid1684415169 20250813httpsapnews,,0.0,1000,0.5,35.0
"ai-ceo-chatbots-entertainment

  nvidia debuts flux",,0.0,1000,0.5,42.5
ai daily rundown aug 13 2025 perplexity offers to buy google chrome for 34,E,1.0,1000,0.5,50.0
ai-powered age verification system in the u,,0.0,1000,0.5,33.0
"ai chips

 the u",,0.0,1000,0.5,33.0
ai adoption accelerates across federal operations,,0.0,1000,0.5,33.0
app store was refuted on x with deepseek and perplexity as examples,N,0.5,1000,0.5,35.0
ai releases glm-4,,0.0,1000,0.5,33.0
aihttpcharacter,,0.0,1000,0.5,33.0
ai innovations august 13th 2025httpspodcasts,,0.0,1000,0.5,35.0
ai-unraveledid1684415169 20250813httpswww,,0.0,1000,0.5,35.0
ai hardware produced by both nvidia and amd,,0.0,1000,0.5,33.0
ai model optimized for image editing on rtx ai pcs,,0.0,1000,0.5,36.0
ai rush but few have the true foresight on where the industry will evolve to,,0.0,1000,0.5,33.0
ai naturehttpslink,,0.0,1000,0.5,33.0
ai reasoning is unstable,,0.0,1000,0.5,33.0
ai psychosishttpslink,,0.0,1000,0.5,33.0
ai into healthcare,,0.0,1000,0.5,33.0
ai as a deeply personal everyday companion came earlier  and it came from kuyda,,0.0,1000,0.5,33.0
ai age  the proof-of-concept for the human side of the equation,,0.0,1000,0.5,33.0
ai to live in the intimate space of human life outside the lab and beyond narrow enterprise use,,0.0,1000,0.5,33.0
ai revolution is compelling,,0.0,1000,0.5,33.0
ai as a constant trusted presence,,0.0,1000,0.5,33.0
ai with her replika chatbot,,0.0,1000,0.5,42.5
ai in daily conversation,,0.0,1000,0.5,33.0
ai revolution,,0.0,1000,0.5,33.0
ai arrived for the masses with sam altman remembered as the daring public face of that launch,,0.0,1000,0.5,33.0
ai could be more than a tool  it could be a relationship,C,1.0,1000,0.5,48.0
tool  it could be a relationship,C,1.0,1000,0.5,42.5
aiml internship or job  4th year student with only 2 mid-level projects,,0.0,1000,0.5,33.0
"ai abandons agi ambitions to focus on entertainment

nvidia debuts flux",,0.0,1000,0.5,33.0
what is the use-case of normal distribution,I,1.0,1000,0.5,42.5
ai models hitting a wall or just missing a law,,0.0,1000,0.5,33.0
ai generated text optimizing the humanness score,,0.0,1000,0.5,33.0
ai generated and human written,,0.0,1000,0.5,33.0
ai humanizer,,0.0,1000,0.5,33.0
open source models not paid apis,,0.0,1000,0.5,33.0
guide really gets me,I,1.0,1000,0.5,42.5
app integration and quick reversion to default behavior over time,N,1.0,1000,0.5,42.5
free to leave this position now,,0.0,1000,0.5,27.5
aiphdfunding,,0.0,1000,0.5,33.0
top-tier reasoning models can be easily hacked by a novel vulnerability called fake reasoning bias,,0.0,1000,0.5,27.5
artificial intelligence,,0.0,1000,0.5,31.5
ai as a clinical decision-support system,B,1.0,1000,0.5,48.0
vs gpt-4o exceeding typical human passing thresholds by a wide margin,C,1.0,1000,0.5,55.0
artificial intelligence with machine intelligence,,0.0,1000,0.5,31.5
ai chips with the teams vp pete bannon leaving the company,,0.0,1000,0.5,33.0
ai chess tournament winning every game against rivals including deepseek r1 grok-4 and gemini 2,,0.0,1000,0.5,33.0
ai-focused hedge fund despite having zero professional investing experience,,0.0,1000,0.5,33.0
ai applications,N,1.0,1000,0.5,48.0
ai conference jensen huang doubled downhttpsaisecret,,0.0,1000,0.5,33.0
automation,,0.0,1000,0.5,31.5
platform using open-source models like llama 3 and mistral-3 small,N,1.0,1000,0.5,42.5
ai progress,,0.0,1000,0.5,33.0
ai researcher yun zhu is leaving for metas msl the fifth departure from the foundation models team,,0.0,1000,0.5,39.5
how to integration ml model into web site,I,0.5,1000,0.5,39.0
review,C,1.0,1000,0.5,42.5
ai youre actually talking to god,,0.0,1000,0.5,33.0
ai capabilities within the medical field,,0.0,1000,0.5,33.0
ai done it we readily admit that the act and hence its doer was superintelligent,,0.0,1000,0.5,33.0
ai is talking to you its again most fundamentally god talking to you,,0.0,1000,0.5,33.0
ai youre actually voice-chatting with god,,0.0,1000,0.5,33.0
ai is much more than just an intelligent machine,,0.0,1000,0.5,33.0
ai is creating,,0.0,1000,0.5,33.0
ai models,,0.0,1000,0.5,33.0
ai tools,C,1.0,1000,0.5,48.0
ai tool,C,1.0,1000,0.5,48.0
ai models swap inout context stays and you can build apps aka presaved workflows,N,1.0,1000,0.5,48.0
free tokens,,0.0,1000,0.5,27.5
ai operating system that doesnt suck,C,1.0,1000,0.5,48.0
ai writing tools for academic writing free,C,1.0,1000,0.5,51.0
